username,user_phone,password,last session,days since last session,called,answered,quit,SMS,comments
ce2a4875f67fd189ca3c33461d9803250650c18d,+9720545327131,Vl5BE0S=sD,2024-05-19,141,2024-10-07,0,,1,
49fdb6aec66e623745a2a5a18e36c472f0d8363f,+9720503006644,KN_AexbJFr,2024-05-26,134,2024-10-07,0,,1,
f0c327e841a9cd65f5f937058de58fc2bcf6bccb,+9720526877576,FA&YObP#C=,2024-05-27,133,2024-10-07,0,,1,
c7ab65cad867300291057aac5ef9410c575d627d,+9720522741230,ioDx^PLghw,2024-06-10,119,2024-10-07,0,,1,
df7b887d34d4d5c23de1dd3849a81ac33c28701f,+9720544836277,&8(^ECmbWD,2024-06-16,113,2024-10-07,0,,1,
44bb50fcd57760dff459e9297dda9a99fe442d08,+9720505282670,H^KaUgM&&s,2024-06-25,104,2024-10-07,0,,1,
df0deee35f94ecae9bd0fd4ea08b62d2ee1e586c,+9720524481146,QfAQ_6sV+p,2024-06-30,99,2024-10-07,1,,1,להתקשר ברביעי בבוקר 
b01786ef4eb4f0815ebd3fbcd298859b70353ac1,+9720522544505,mY#YGoOAz9,2024-07-11,88,2024-10-07,0,,1,
471762de9de41bd68dd303462c4c0383d41ad772,+9720548181082,2S&@kp5YW(,2024-07-11,88,2024-10-07,0,,1,
b75afb2625f1710bbe8815eb7a64cb91eee27dcb,+9720544975750,521447867,2024-07-21,78,2024-10-07,1,,1,
eb49e25f96491900f2ec25823bdb310a552fb105,9720503220209,123118672,2024-07-24,75,2024-10-09,1,,1,להתקשר שבוע הבא היא במעבר דירה 
cebe52cde4018f18fc0410b83dbf8e816bdacb0b,+9720509028234,482828186,2024-07-29,70,2024-10-09,0,,1,
0ef24572e69845e2bdb8264752b838177d006987,+9720508500654,167839842,2024-07-30,69,2024-10-09,1,,1,יקליט ביום א' בשעה 14:00
ea43d94dda7f09bae9d1b7580be5422bf0685016,+9720547440044,519897499,2024-07-30,69,2024-10-09,0,,1,
37b8be5eab3168f2f82ab70b2562872fc5e35a76,+9720544674000,&cdPquDQK-,2024-07-31,68,2024-10-10,0,,1,
eeb0884680cae06f7cb0b91679e08b749efea240,+9720526134179,jKI574mh6H,2024-07-31,68,2024-10-10,1,,1,שינוי סיסמא -שלחתי בוואצפ את הקודמת ינסה להתחבר
42a37cc1ef7dc2ed6ee3e53533f85d7feebc0394,+9720503377466,L+EJ#)6XX=,2024-08-03,65,2024-10-10,0,,1,
ebe88f0d87e07d3e30b5d814590621954ce01ac6,+9720545586661,*o45SMQoxq,2024-08-04,64,2024-10-10,1,,1,בחוץ לארץ לחזור אליה 
f79165d3425d317e422220a3f9a79951e71e7e5c,+9720544817015,cum)^fx(Hk,2024-08-04,64,2024-10-10,0,,1,
de1538d000c6b0f8e16ab6cc8fca27d58975453b,+9720545740612,&vImxT1wjS,2024-08-05,63,2024-10-10,0,,1,
025632d69729110ecee6cd31158407ff9fdf1c04,+9720522338557,927323536,2024-08-05,63,2024-10-10,1,,1,שינוי סיסמא
b4f911698dbb35057e4fafded1ec7db6035a870d,+9720544234647,zN7PQz5@OM,2024-08-06,62,2024-10-10,0,,1,
c179520f5459488008ba998f2392c8eccc701ba8,+9720504547258,562987939,2024-08-08,60,2024-10-10,1,,1,להתקשר5 בשבוע הבא היא הייתה בבדיקה 
9ddc706d013771ad35e643d4a9b459f7b67c5715,+9720502264496,x$tyzLEdP*,2024-08-13,55,2024-10-10,0,,1,
ce9a0954899c906834cef1f9584b5a90a9642cc5,+9720542909050,kLK6!3*S5c,2024-08-13,55,2024-10-10,1,,1,הקליט אתמול 
f586b635d552bdea17a09a9c7b415c2a9f690bf0,+9720524731717,566756174,2024-08-14,54,2024-10-10,0,,1,
564f38559f0dc71afa7f055d1f816a9f88b7c445,+9720528023568,122512582,2024-08-14,54,2024-10-10,1,,1,שינוי סיסמא- להתקשר בבקרים המטפל נמצאת 
c2e4c7f6f006c2ee121b2e1f87f6ecd01cac1c41,+9720526283942,222339139,2024-08-15,53,2024-10-10,1,,1,
7843877473afdc5e60fb15e2bd696acd5dd0b914,+9720548134852,981685688,2024-08-18,50,2024-10-10,1,,1,היא תקליט היום 
130aa73a4006d1dc1294c345eabbd32fe418f992,+9720508220314,869714417,2024-08-18,50,2024-10-10,1,,1,תשתדל להקליט השבוע 
e6a8e5f9972f62a622c79ddaeff59deb730e0b49,+9720524815775,434514789,2024-08-18,50,2024-10-10,1,,1,18.10 אשתו תחזור ותעזור לו להקליט
a9680bb22a56ea6109b7c9a061d89c66b0192c8e,+9720546712830,Z%2l5B7WOR,2024-08-18,50,2024-10-10,0,,1,
011a1f61cf415c3e3c8049e8b75af715efc92182,+9720586338361,493173162,2024-08-18,50,2024-10-10,1,,1,תקליט היום או מחר 
c8fd712e223aac0be89656491baa62b4bb3f2ca9,+9720547908037,868131965,2024-08-19,49,2024-10-10,1,,1,אשתו מטפלת בכל העיניינים לחזור אליו שהיא תיהיה 
642fcccc02976fb853d611dac980ae1558ea3b84,+9720525773160,717196857,2024-08-19,49,2024-10-10,0,,1,
0306aad18a0827daa5b9d04c70003f0b6e83fa8c,9720532504716,^(87ZD1!Of,2024-08-19,49,,,,1,
5776f2d9316f326af43acbb15f55440397e32645,+9720506979718,488276526,2024-08-19,49,,,,1,
650e963245d073bf1fd6d328647d85fddea83c7e,+9720526000747,977213434,2024-08-20,48,,,,1,
a1ea5cebe47bd60b9aa1a9d618f81400fac55baf,+9720543055859,494347783,2024-08-20,48,,,,1,
822483bb6195c18034dd896f23623b283b7da30b,+9720504815950,399559159,2024-08-20,48,,,,1,
d299fc80073732ec4cbeb3f84836d0dd2fe66d17,+9720524599900,814861245,2024-08-20,48,,,,1,
f14beb80651ef7fbb024b3d344c658be56b50b19,+9720509322039,391332939,2024-08-20,48,,,,1,
d4fa326e5c4700d6c51770a999f40097f832ed3c,+9720524525259,834899285,2024-08-21,47,,,,1,
72afe3a502c60118040c559b19453abae78fa813,+9720544509323,163621734,2024-08-22,46,,,,1,
40903d25122fcaf86bd2e9c42b4bc4fc332f082e,+9720507264263,815247781,2024-08-22,46,,,,1,
44211c44f5f46626414907d31a70dc138bb45091,+9720522532093,993254572,2024-08-26,42,,,,1,
dbae47f5d703a34f9acc146eb39ddaaaa4f05446,+9720544420815,863419684,2024-08-26,42,,,,1,
47cc38f8cc935f6ef04b5c4d99981c2b082929c8,+9720543044446,953218988,2024-08-26,42,,,,1,
9c2124d8a6b626d4ce05dc0941df32f4de50c3f0,+9720544537008,191549757,2024-08-28,40,,,,1,
544f2cae28105cd5d074d102096d752d30609a8a,+9720544952917,276665957,2024-08-28,40,,,,1,
fbca0e4a374310e82350dfd46f9bb80bbdb9705a,+9720508767058,119755783,2024-08-29,39,,,,1,
6c2556b64bbdd26aa38f3b2ed2c6632b8fc0fd84,+9720523908813,465944597,2024-08-29,39,,,,1,
6f6b7354a4ddef509ece66c70b0a41ab91d389b1,+9720523267753,989532645,2024-08-29,39,,,,1,
e3efdfc40b9605cb2723fe285216470610df7c82,+9720522305842,131964765,2024-09-01,36,,,,1,
0c9ac5b1080802d350518543d5400ee727a41eb4,+9720543974816,pGLX*SX9&o,2024-09-02,35,,,,1,
cf41f2ca95b2763b8ccdf7eddfddb5c54e610678,+9720523663613,643647456,2024-09-02,35,,,,1,
f106b0a9625c55e0467b28ae49d6b303a7e11e0d,+9720523602025,378254999,2024-09-02,35,,,,1,
ed1030f5ade55f4c4da9b2b00293c5a7ccef39f0,+9720542444986,3Ck#VTQ6Ye,2024-09-02,35,,,,1,
882b7224975e5a97a6263c52df5a68a65c050991,+9720544200575,289874234,2024-09-02,35,,,,1,
84f2d2dd74e042ad2f4a181be9a67b26903d3fa3,+9720506305219,161842527,2024-09-02,35,,,,1,
da851790ee5551d8176504cb4e0cb469c622e7c4,+9720585714201,163344524,2024-09-02,35,,,,1,
d00b31b3235d94c8d47d6fdcd2449bd4b534bc5d,+9720508803449,676165374,2024-09-03,34,,,,1,
d5db469b82351c37d91db4953957a1bd90acaf26,+9720504093443,zKpJ#cw0rA,2024-09-04,33,,,,1,
b33db787858d34344b303f0360dccebc3d0d2e8e,+9720543300933,564937728,2024-09-04,33,,,,1,
1b14a7f471b1d752102d3fd39fe2d0cd72a10ecf,+9720505295507,424365173,2024-09-04,33,,,,1,
1b20260ef7f5e2fb429368f582fc301132eb5b1e,+9720528964736,#ERROR!,2024-09-04,33,,,,1,
b01d43ffd43e885a2fb1f682ba121ab13c944d6e,+9720524568598,(_+kLYLd)Y,2024-09-07,30,,,,1,
119471f5f1545d0ae8213d9ab338bd4ad91cf726,+9720547785254,U2X)2@Ut^k,2024-09-07,30,,,,1,
725b95ef3a3ea7eff730f891986773f9e3c72013,+9720528220823,8qzd1sT!FB,2024-09-08,29,,,,1,
40d3a820a76963d220b9c3042e6c6238fd5fa087,+9720526447044,379662191,2024-09-08,29,,,,1,
3b07125010ab6eb7a56ba6823150022477449cb9,+9720524230475,3vhw)EM9Tp,2024-09-08,29,,,,1,
935787b05d8c7ac339fd1f21f86e453acb4ee6e5,+9720506240078,V3yLDsQvK^,2024-09-08,29,,,,1,
1e6e6ad48febe2851e3b891afcb546c7c2ac041c,+9720525413587,827633968,2024-09-09,28,,,,1,
a29f4ee8656a48df5bddae6a8e0c641995aa6323,+9720523313888,G0XC+JzAEp,2024-09-09,28,,,,1,
c1981a14a748f0e795ac66d1b74a27d751061861,+9720508527752,829648936,2024-09-09,28,,,,1,
a297d393100991c1a523d7c3a83299ea3f7cbf20,+9720524404200,$CWo*H$@2j,2024-09-09,28,,,,1,
1506e5c934948208663890b2adc469b1371086c5,+9720546785867,316198761,2024-09-09,28,,,,1,
c25363a15f49908048e3aee7531609123ec30915,+9720544477226,!jyCKlM#M4,2024-09-10,27,,,,0,
286857510106381d6cbebb61a00af47830f7d142,+9720523313905,881739176,2024-09-10,27,,,,0,
d50b23e05fe86c986331a019022f43358fbd16b2,+9720544831812,668172584,2024-09-11,26,,,,0,
0b1725c6a8e7bf16cca9e24c177321a528866c5b,+9720507872760,789239644,2024-09-11,26,,,,0,
b5edc106aff7a4aa981b0cb5e96faed42e769e6b,+9720524230046,588448239,2024-09-11,26,,,,0,
4bb64394ee325457211158a23faecda4439fb854,+9720546442370,225823423,2024-09-11,26,,,,0,
6d17c61cf5cb54ef3e59d42e1ac50e7ae403a8c2,+9720537739136,347426947,2024-09-12,25,,,,0,
f3db073d34aee0bb4fea82a8ee95c4147351a129,+9720545599975,544912221,2024-09-12,25,,,,0,
bea88ed36a385677c3a58c2879ed0f9c0da4ff18,+9720545483377,HkFm!ZITkI,2024-09-12,25,,,,0,